<wpml-config>
	<admin-texts>
        <key name="greenmart_tbay_theme_options">
            <key name="header_type" />
            <key name="media-logo" />
            <key name="logo_img_width" />
            <key name="mobile-logo" />
            <key name="logo_img_width_mobile" />
            <key name="menu_mobile_title" />
            <key name="menu_mobile_search_items" />
            <key name="menu_mobile_no_esults" />
            <key name="menu_mobile_search_splash" />
            <key name="menu_mobile_one_select" />
            <key name="menu_mobile_tab_one" />
            <key name="menu_mobile_tab_one_icon" />
            <key name="menu_mobile_tab_scond" />
            <key name="menu_mobile_second_select" />
            <key name="menu_mobile_tab_second_icon" />
            <key name="main_menu_link_color" />
        </key>
    </admin-texts>
    <custom-types>
        <custom-type translate="1">tbay_brand</custom-type>
        <custom-type translate="1">tbay_footer</custom-type>
        <custom-type translate="1">tbay_megamenu</custom-type>
        <custom-type translate="1">tbay_testimonial</custom-type>
    </custom-types>
</wpml-config>